{"name":"nces_postsecondary-completion-rates","title":"Postsecondary Completion Rates","description":"Postsecondary Education Completion Rates\n\nThe National Center for Education Statistics (NCES) is the primary federal entity for collecting and analyzing data related to education in the U.S. and other nations. NCES is located within the U.S. Department of Education and the Institute of Education Sciences. NCES fulfills a Congressional mandate to collect, collate, analyze, and report complete statistics on the condition of American education; conduct and publish reports; and review and report on education activities internationally.\n\n* Table 326.10. Graduation rate from first institution attended for first-time, full-time bachelor's degree-seeking students at 4-year postsecondary institutions, by race/ethnicity, time to completion, sex, control of institution, and acceptance rate: Selected cohort entry years, 1996 through 2008\n* Table 326.20. Graduation rate from first institution attended within 150 percent of normal time for first-time, full-time degree/certificate-seeking students at 2-year postsecondary institutions, by race/ethnicity, sex, and control of institution: Selected cohort entry years, 2000 through 2011\n* Table 326.30. Retention of first-time degree-seeking undergraduates at degree-granting postsecondary institutions, by attendance status, level and control of institution, and percentage of applications accepted: Selected years, 2006 to 2014\n* Table 326.40. Percentage distribution of first-time postsecondary students starting at -2 and 4-year institutions during the 2003-04 academic year, by highest degree attained, enrollment status, and selected characteristics: Spring 2009\n\n**_Source:_** https://nces.ed.gov/programs/digest/current_tables.asp","homepage":"https://data.world/nces/postsecondary-completion-rates","resources":[{"name":"digest_2015_table_326_10","schema":{"fields":[{"name":"time_to_completion_sex_control_of_institution_cohort_entry_year_and_acceptance_rate","title":"Time to completion, sex, control of institution, cohort entry year, and  acceptance rate","type":"string","rdfType":"http://www.w3.org/2001/XMLSchema#string","dwSourceId":"time_to_completion_sex_control_of_institution_cohort_entry_year_and_acceptance_rate"},{"name":"total","title":"Total","type":"number","rdfType":"http://www.w3.org/2001/XMLSchema#decimal","dwSourceId":"total"},{"name":"white","title":"White","type":"number","rdfType":"http://www.w3.org/2001/XMLSchema#decimal","dwSourceId":"white"},{"name":"black","title":"Black","type":"number","rdfType":"http://www.w3.org/2001/XMLSchema#decimal","dwSourceId":"black"},{"name":"his_panic","title":"His- panic","type":"number","rdfType":"http://www.w3.org/2001/XMLSchema#decimal","dwSourceId":"his_panic"},{"name":"asian_pacific_islander","title":"Asian/Pacific Islander","type":"string","rdfType":"http://www.w3.org/2001/XMLSchema#string","dwSourceId":"asian_pacific_islander"},{"name":"column_g","title":"Column G","type":"string","rdfType":"http://www.w3.org/2001/XMLSchema#string","dwSourceId":"column_g"},{"name":"column_h","title":"Column H","type":"string","rdfType":"http://www.w3.org/2001/XMLSchema#string","dwSourceId":"column_h"},{"name":"ameri_can_indian_alaska_native","title":"Ameri- can Indian/ Alaska Native","type":"number","rdfType":"http://www.w3.org/2001/XMLSchema#decimal","dwSourceId":"ameri_can_indian_alaska_native"},{"name":"two_or_more_races","title":"Two or more races","type":"number","rdfType":"http://www.w3.org/2001/XMLSchema#decimal","dwSourceId":"two_or_more_races"},{"name":"non_resi_dent_alien","title":"Non-resi- dent alien","type":"number","rdfType":"http://www.w3.org/2001/XMLSchema#decimal","dwSourceId":"non_resi_dent_alien"}]},"path":"data/digest_2015_table_326_10.csv","format":"csv"},{"name":"digest_2015_table_326_20","schema":{"fields":[{"name":"column_a","title":"Column A","type":"string","rdfType":"http://www.w3.org/2001/XMLSchema#string","dwSourceId":"column_a"},{"name":"total","title":"Total","type":"number","rdfType":"http://www.w3.org/2001/XMLSchema#decimal","dwSourceId":"total"},{"name":"white","title":"White","type":"number","rdfType":"http://www.w3.org/2001/XMLSchema#decimal","dwSourceId":"white"},{"name":"black","title":"Black","type":"number","rdfType":"http://www.w3.org/2001/XMLSchema#decimal","dwSourceId":"black"},{"name":"his_panic","title":"His- panic","type":"number","rdfType":"http://www.w3.org/2001/XMLSchema#decimal","dwSourceId":"his_panic"},{"name":"asian_pacific_islander","title":"Asian/Pacific Islander","type":"string","rdfType":"http://www.w3.org/2001/XMLSchema#string","dwSourceId":"asian_pacific_islander"},{"name":"column_g","title":"Column G","type":"string","rdfType":"http://www.w3.org/2001/XMLSchema#string","dwSourceId":"column_g"},{"name":"column_h","title":"Column H","type":"string","rdfType":"http://www.w3.org/2001/XMLSchema#string","dwSourceId":"column_h"},{"name":"ameri_can_indian_alaska_native","title":"Ameri- can Indian/ Alaska Native","type":"number","rdfType":"http://www.w3.org/2001/XMLSchema#decimal","dwSourceId":"ameri_can_indian_alaska_native"},{"name":"two_or_more_races","title":"Two or more races","type":"number","rdfType":"http://www.w3.org/2001/XMLSchema#decimal","dwSourceId":"two_or_more_races"},{"name":"non_resi_dent_alien","title":"Non-resi- dent alien","type":"number","rdfType":"http://www.w3.org/2001/XMLSchema#decimal","dwSourceId":"non_resi_dent_alien"}]},"path":"data/digest_2015_table_326_20.csv","format":"csv"},{"name":"digest_2015_table_326_30","schema":{"fields":[{"name":"column_a","title":"Column A","type":"string","rdfType":"http://www.w3.org/2001/XMLSchema#string","dwSourceId":"column_a"},{"name":"column_b","title":"Column B","type":"integer","rdfType":"http://www.w3.org/2001/XMLSchema#integer","dwSourceId":"column_b"},{"name":"column_c","title":"Column C","type":"integer","rdfType":"http://www.w3.org/2001/XMLSchema#integer","dwSourceId":"column_c"},{"name":"column_d","title":"Column D","type":"integer","rdfType":"http://www.w3.org/2001/XMLSchema#integer","dwSourceId":"column_d"},{"name":"column_e","title":"Column E","type":"integer","rdfType":"http://www.w3.org/2001/XMLSchema#integer","dwSourceId":"column_e"},{"name":"column_f","title":"Column F","type":"integer","rdfType":"http://www.w3.org/2001/XMLSchema#integer","dwSourceId":"column_f"},{"name":"column_g","title":"Column G","type":"integer","rdfType":"http://www.w3.org/2001/XMLSchema#integer","dwSourceId":"column_g"},{"name":"column_h","title":"Column H","type":"integer","rdfType":"http://www.w3.org/2001/XMLSchema#integer","dwSourceId":"column_h"},{"name":"column_i","title":"Column I","type":"integer","rdfType":"http://www.w3.org/2001/XMLSchema#integer","dwSourceId":"column_i"},{"name":"column_j","title":"Column J","type":"integer","rdfType":"http://www.w3.org/2001/XMLSchema#integer","dwSourceId":"column_j"},{"name":"column_k","title":"Column K","type":"integer","rdfType":"http://www.w3.org/2001/XMLSchema#integer","dwSourceId":"column_k"},{"name":"column_l","title":"Column L","type":"integer","rdfType":"http://www.w3.org/2001/XMLSchema#integer","dwSourceId":"column_l"},{"name":"column_m","title":"Column M","type":"integer","rdfType":"http://www.w3.org/2001/XMLSchema#integer","dwSourceId":"column_m"},{"name":"column_n","title":"Column N","type":"integer","rdfType":"http://www.w3.org/2001/XMLSchema#integer","dwSourceId":"column_n"},{"name":"column_o","title":"Column O","type":"integer","rdfType":"http://www.w3.org/2001/XMLSchema#integer","dwSourceId":"column_o"},{"name":"column_p","title":"Column P","type":"string","rdfType":"http://www.w3.org/2001/XMLSchema#string","dwSourceId":"column_p"},{"name":"column_q","title":"Column Q","type":"string","rdfType":"http://www.w3.org/2001/XMLSchema#string","dwSourceId":"column_q"},{"name":"column_r","title":"Column R","type":"string","rdfType":"http://www.w3.org/2001/XMLSchema#string","dwSourceId":"column_r"},{"name":"column_s","title":"Column S","type":"string","rdfType":"http://www.w3.org/2001/XMLSchema#string","dwSourceId":"column_s"},{"name":"column_t","title":"Column T","type":"string","rdfType":"http://www.w3.org/2001/XMLSchema#string","dwSourceId":"column_t"},{"name":"column_u","title":"Column U","type":"string","rdfType":"http://www.w3.org/2001/XMLSchema#string","dwSourceId":"column_u"},{"name":"column_v","title":"Column V","type":"string","rdfType":"http://www.w3.org/2001/XMLSchema#string","dwSourceId":"column_v"}]},"path":"data/digest_2015_table_326_30.csv","format":"csv"},{"name":"digest_2015_table_326_40","schema":{"fields":[{"name":"column_a","title":"Column A","type":"string","rdfType":"http://www.w3.org/2001/XMLSchema#string","dwSourceId":"column_a"},{"name":"column_b","title":"Column B","type":"string","rdfType":"http://www.w3.org/2001/XMLSchema#string","dwSourceId":"column_b"},{"name":"column_c","title":"Column C","type":"string","rdfType":"http://www.w3.org/2001/XMLSchema#string","dwSourceId":"column_c"},{"name":"column_d","title":"Column D","type":"string","rdfType":"http://www.w3.org/2001/XMLSchema#string","dwSourceId":"column_d"},{"name":"column_e","title":"Column E","type":"string","rdfType":"http://www.w3.org/2001/XMLSchema#string","dwSourceId":"column_e"},{"name":"column_f","title":"Column F","type":"string","rdfType":"http://www.w3.org/2001/XMLSchema#string","dwSourceId":"column_f"},{"name":"column_g","title":"Column G","type":"string","rdfType":"http://www.w3.org/2001/XMLSchema#string","dwSourceId":"column_g"},{"name":"column_h","title":"Column H","type":"string","rdfType":"http://www.w3.org/2001/XMLSchema#string","dwSourceId":"column_h"},{"name":"column_i","title":"Column I","type":"string","rdfType":"http://www.w3.org/2001/XMLSchema#string","dwSourceId":"column_i"},{"name":"column_j","title":"Column J","type":"string","rdfType":"http://www.w3.org/2001/XMLSchema#string","dwSourceId":"column_j"},{"name":"column_k","title":"Column K","type":"string","rdfType":"http://www.w3.org/2001/XMLSchema#string","dwSourceId":"column_k"},{"name":"column_l","title":"Column L","type":"string","rdfType":"http://www.w3.org/2001/XMLSchema#string","dwSourceId":"column_l"},{"name":"column_m","title":"Column M","type":"string","rdfType":"http://www.w3.org/2001/XMLSchema#string","dwSourceId":"column_m"},{"name":"column_n","title":"Column N","type":"string","rdfType":"http://www.w3.org/2001/XMLSchema#string","dwSourceId":"column_n"},{"name":"column_o","title":"Column O","type":"string","rdfType":"http://www.w3.org/2001/XMLSchema#string","dwSourceId":"column_o"},{"name":"column_p","title":"Column P","type":"number","rdfType":"http://www.w3.org/2001/XMLSchema#decimal","dwSourceId":"column_p"},{"name":"column_q","title":"Column Q","type":"number","rdfType":"http://www.w3.org/2001/XMLSchema#decimal","dwSourceId":"column_q"},{"name":"column_r","title":"Column R","type":"string","rdfType":"http://www.w3.org/2001/XMLSchema#string","dwSourceId":"column_r"},{"name":"column_s","title":"Column S","type":"string","rdfType":"http://www.w3.org/2001/XMLSchema#string","dwSourceId":"column_s"},{"name":"column_t","title":"Column T","type":"string","rdfType":"http://www.w3.org/2001/XMLSchema#string","dwSourceId":"column_t"},{"name":"column_u","title":"Column U","type":"string","rdfType":"http://www.w3.org/2001/XMLSchema#string","dwSourceId":"column_u"},{"name":"column_v","title":"Column V","type":"string","rdfType":"http://www.w3.org/2001/XMLSchema#string","dwSourceId":"column_v"},{"name":"column_w","title":"Column W","type":"string","rdfType":"http://www.w3.org/2001/XMLSchema#string","dwSourceId":"column_w"},{"name":"column_x","title":"Column X","type":"string","rdfType":"http://www.w3.org/2001/XMLSchema#string","dwSourceId":"column_x"},{"name":"column_y","title":"Column Y","type":"string","rdfType":"http://www.w3.org/2001/XMLSchema#string","dwSourceId":"column_y"},{"name":"column_z","title":"Column Z","type":"string","rdfType":"http://www.w3.org/2001/XMLSchema#string","dwSourceId":"column_z"},{"name":"column_aa","title":"Column AA","type":"string","rdfType":"http://www.w3.org/2001/XMLSchema#string","dwSourceId":"column_aa"},{"name":"column_ab","title":"Column AB","type":"string","rdfType":"http://www.w3.org/2001/XMLSchema#string","dwSourceId":"column_ab"},{"name":"column_ac","title":"Column AC","type":"string","rdfType":"http://www.w3.org/2001/XMLSchema#string","dwSourceId":"column_ac"},{"name":"column_ad","title":"Column AD","type":"string","rdfType":"http://www.w3.org/2001/XMLSchema#string","dwSourceId":"column_ad"},{"name":"column_ae","title":"Column AE","type":"string","rdfType":"http://www.w3.org/2001/XMLSchema#string","dwSourceId":"column_ae"},{"name":"column_af","title":"Column AF","type":"string","rdfType":"http://www.w3.org/2001/XMLSchema#string","dwSourceId":"column_af"},{"name":"column_ag","title":"Column AG","type":"string","rdfType":"http://www.w3.org/2001/XMLSchema#string","dwSourceId":"column_ag"},{"name":"column_ah","title":"Column AH","type":"string","rdfType":"http://www.w3.org/2001/XMLSchema#string","dwSourceId":"column_ah"},{"name":"column_ai","title":"Column AI","type":"string","rdfType":"http://www.w3.org/2001/XMLSchema#string","dwSourceId":"column_ai"}]},"path":"data/digest_2015_table_326_40.csv","format":"csv"},{"name":"original/tabn326.10.xls","path":"original/tabn326.10.xls","format":"xls","mediatype":"application/vnd.ms-excel","bytes":122368},{"name":"original/tabn326.20.xls","path":"original/tabn326.20.xls","format":"xls","mediatype":"application/vnd.ms-excel","bytes":68608},{"name":"original/tabn326.30.xls","path":"original/tabn326.30.xls","format":"xls","mediatype":"application/vnd.ms-excel","bytes":54784},{"name":"original/tabn326.40.xls","path":"original/tabn326.40.xls","format":"xls","mediatype":"application/vnd.ms-excel","bytes":30903}],"keywords":["postsecondary education","education digest","digest education statistics","degrees","degrees conferred","degrees by state","college degrees","university","graduation rates","college completion"]}